{
  "products": [
    {
      "type": "Top",
      "size": "M",
      "color": "#e0d9d9",
      "image": "blackazaratop.png",
      "id": 1
    },
    {
      "type": "Haljina",
      "size": "XS",
      "color": "#d52828",
      "image": "redlongdress.png",
      "id": 2
    },
    {
      "type": "Jeans",
      "size": "M",
      "color": "#2273cb",
      "image": "jeans.png",
      "id": 3
    },
    {
      "type": "Torba",
      "size": "/",
      "color": "#070707",
      "image": "bag.png",
      "id": 4
    },
    {
      "type": "Obuća",
      "size": "L",
      "color": "#795b39",
      "image": "beigeheels.png",
      "id": 5
    },
    {
      "type": "Modni dodaci",
      "size": "/",
      "color": "#070707",
      "image": "blackbucklebelt.png",
      "id": 6
    },
    {
      "type": "Košulja",
      "size": "S",
      "color": "#728ad3",
      "image": "blueshirt.png",
      "id": 7
    },
    {
      "type": "Kaput",
      "size": "L",
      "color": "#c6ae94",
      "image": "coat.png",
      "id": 8
    },
    {
      "type": "Jakna",
      "size": "L",
      "color": "#e31e66",
      "image": "pinkblazer.png",
      "id": 9
    },
    {
      "type": "Jakna",
      "size": "M",
      "color": "#8895a8",
      "image": "denimjacket.png",
      "id": 10
    },
    {
      "type": "Obuća",
      "size": "/",
      "color": "#417044",
      "image": "nikedunks.png",
      "id": 11
    },
    {
      "type": "Torba",
      "size": "S",
      "color": "#ecd6a6",
      "image": "beige-handbag.png",
      "id": 12
    },
    {
      "type": "Majica",
      "size": "M",
      "color": "#0e0e0e",
      "image": "blacktop.png",
      "id": 13
    },
    {
      "type": "Suknja",
      "size": "S",
      "color": "#db5d5d",
      "image": "redskirt.png",
      "id": 14
    },
    {
      "type": "Majica",
      "size": "XS",
      "color": "#c53737",
      "image": "womens-top-red.png",
      "id": 15
    },
    {
      "type": "Modni dodaci",
      "size": "/",
      "color": "#e3ba29",
      "image": "gold.earings.png",
      "id": 16
    },
    {
      "type": "Majica",
      "size": "XS",
      "color": "#fcf9f9",
      "image": "white-tshirt.png",
      "id": 17
    }
  ],
  "type": [
    "Haljina",
    "Hlače",
    "Jakna",
    "Jeans",
    "Kaput",
    "Košulja",
    "Majica",
    "Modni dodaci",
    "Obuća",
    "Suknja",
    "Top",
    "Torba"
  ],
  "size": [
    "XS",
    "S",
    "M",
    "L",
    "XL",
    "/"
  ]
}